when, temp, solar radiation, humidity, wind speed, wind direction, rainfall
2020-04-28T00:00:00,8.8,0,92,2,30,0
2020-04-28T00:15:00,8.8,0,92,2,30,0
2020-04-28T00:30:00,8.8,0,92,2,30,0
2020-04-28T00:45:00,8.8,0,92,2,30,0
2020-04-28T01:00:00,8.9,0,89,2,30,0
2020-04-28T01:15:00,8.9,0,89,2,30,0
2020-04-28T01:30:00,8.9,0,89,2,30,0
2020-04-28T01:45:00,8.9,0,89,2,30,0
2020-04-28T02:00:00,8,0,90,2,30,0
2020-04-28T02:15:00,8,0,90,2,30,0
2020-04-28T02:30:00,8,0,90,2,30,0
2020-04-28T02:45:00,8,0,90,2,30,0
2020-04-28T03:00:00,8.6,0,88,2,30,0
2020-04-28T03:15:00,8.6,0,88,2,30,0
2020-04-28T03:30:00,8.6,0,88,2,30,0
2020-04-28T03:45:00,8.6,0,88,2,30,0
2020-04-28T04:00:00,9.1,3,88,2,50,0
2020-04-28T04:15:00,9.1,3,88,2,50,0
2020-04-28T04:30:00,9.1,3,88,2,50,0
2020-04-28T04:45:00,9.1,3,88,2,50,0
2020-04-28T05:00:00,9.4,4,88,3,40,0
2020-04-28T05:15:00,9.4,4,88,3,40,0
2020-04-28T05:30:00,9.4,4,88,3,40,0
2020-04-28T05:45:00,9.4,4,88,3,40,0
2020-04-28T06:00:00,9.4,9,88,4,40,0
2020-04-28T06:15:00,9.4,9,88,4,40,0
2020-04-28T06:30:00,9.4,9,88,4,40,0
2020-04-28T06:45:00,9.4,9,88,4,40,0
2020-04-28T07:00:00,9.5,39,86,5,50,0
2020-04-28T07:15:00,9.5,39,86,5,50,0
2020-04-28T07:30:00,9.5,39,86,5,50,0
2020-04-28T07:45:00,9.5,39,86,5,50,0
2020-04-28T08:00:00,9.6,36,85,6,50,0.25
2020-04-28T08:15:00,9.6,36,85,6,50,0.25
2020-04-28T08:30:00,9.6,36,85,6,50,0.25
2020-04-28T08:45:00,9.6,36,85,6,50,0.25
2020-04-28T09:00:00,9.6,39,86,5,60,0.5
2020-04-28T09:15:00,9.6,39,86,5,60,0.5
2020-04-28T09:30:00,9.6,39,86,5,60,0.5
2020-04-28T09:45:00,9.6,39,86,5,60,0.5
2020-04-28T10:00:00,9.9,51,86,5,40,1
2020-04-28T10:15:00,9.9,51,86,5,40,1
2020-04-28T10:30:00,9.9,51,86,5,40,1
2020-04-28T10:45:00,9.9,51,86,5,40,1
2020-04-28T11:00:00,9.9,49,87,5,50,2
2020-04-28T11:15:00,9.9,49,87,5,50,2
2020-04-28T11:30:00,9.9,49,87,5,50,2
2020-04-28T11:45:00,9.9,49,87,5,50,2
2020-04-28T12:00:00,9.6,27,91,5,50,2
2020-04-28T12:15:00,9.6,27,91,5,50,2
2020-04-28T12:30:00,9.6,27,91,5,50,2
2020-04-28T12:45:00,9.6,27,91,5,50,2
2020-04-28T13:00:00,10,38,92,5,50,4
2020-04-28T13:15:00,10,38,92,5,50,4
2020-04-28T13:30:00,10,38,92,5,50,4
2020-04-28T13:45:00,10,38,92,5,50,4
2020-04-28T14:00:00,10.1,21,95,3,40,0.5
2020-04-28T14:15:00,10.1,21,95,3,40,0.5
2020-04-28T14:30:00,10.1,21,95,3,40,0.5
2020-04-28T14:45:00,10.1,21,95,3,40,0.5
2020-04-28T15:00:00,10,10,95,3,30,0.75
2020-04-28T15:15:00,10,10,95,3,30,0.75
2020-04-28T15:30:00,10,10,95,3,30,0.75
2020-04-28T15:45:00,10,10,95,3,30,0.75
2020-04-28T16:00:00,9.7,15,94,3,40,0
2020-04-28T16:15:00,9.7,15,94,3,40,0
2020-04-28T16:30:00,9.7,15,94,3,40,0
2020-04-28T16:45:00,9.7,15,94,3,40,0
2020-04-28T17:00:00,8.8,8,94,3,40,0
2020-04-28T17:15:00,8.8,8,94,3,40,0
2020-04-28T17:30:00,8.8,8,94,3,40,0
2020-04-28T17:45:00,8.8,8,94,3,40,0
2020-04-28T18:00:00,8.8,2,94,3,30,0
2020-04-28T18:15:00,8.8,2,94,3,30,0
2020-04-28T18:30:00,8.8,2,94,3,30,0
2020-04-28T18:45:00,8.8,2,94,3,30,0
2020-04-28T19:00:00,8.9,0,94,2,40,0
2020-04-28T19:15:00,8.9,0,94,2,40,0
2020-04-28T19:30:00,8.9,0,94,2,40,0
2020-04-28T19:45:00,8.9,0,94,2,40,0
2020-04-28T20:00:00,8.6,0,93,3,50,0
2020-04-28T20:15:00,8.6,0,93,3,50,0
2020-04-28T20:30:00,8.6,0,93,3,50,0
2020-04-28T20:45:00,8.6,0,93,3,50,0
2020-04-28T21:00:00,8.3,0,93,3,40,0
2020-04-28T21:15:00,8.3,0,93,3,40,0
2020-04-28T21:30:00,8.3,0,93,3,40,0
2020-04-28T21:45:00,8.3,0,93,3,40,0
2020-04-28T22:00:00,7.9,0,96,3,90,0
2020-04-28T22:15:00,7.9,0,96,3,90,0
2020-04-28T22:30:00,7.9,0,96,3,90,0
2020-04-28T22:45:00,7.9,0,96,3,90,0
2020-04-28T23:00:00,7.9,0,95,2,60,0
2020-04-28T23:15:00,7.9,0,95,2,60,0
2020-04-28T23:30:00,7.9,0,95,2,60,0
2020-04-28T23:45:00,7.9,0,95,2,60,0
2020-04-29T00:00:00,8.1,0,97,2,70,0.5
2020-04-29T00:15:00,8.1,0,97,2,70,0.5
2020-04-29T00:30:00,8.1,0,97,2,70,0.5
2020-04-29T00:45:00,8.1,0,97,2,70,0.5
2020-04-29T01:00:00,8.6,0,96,1,80,1
2020-04-29T01:15:00,8.6,0,96,1,80,1
2020-04-29T01:30:00,8.6,0,96,1,80,1
2020-04-29T01:45:00,8.6,0,96,1,80,1
2020-04-29T02:00:00,10.2,0,95,1,230,0.25
2020-04-29T02:15:00,10.2,0,95,1,230,0.25
2020-04-29T02:30:00,10.2,0,95,1,230,0.25
2020-04-29T02:45:00,10.2,0,95,1,230,0.25
2020-04-29T03:00:00,10.8,0,94,4,250,0
2020-04-29T03:15:00,10.8,0,94,4,250,0
2020-04-29T03:30:00,10.8,0,94,4,250,0
2020-04-29T03:45:00,10.8,0,94,4,250,0
2020-04-29T04:00:00,10.5,3,92,3,250,0
2020-04-29T04:15:00,10.5,3,92,3,250,0
2020-04-29T04:30:00,10.5,3,92,3,250,0
2020-04-29T04:45:00,10.5,3,92,3,250,0
2020-04-29T05:00:00,10.6,13,90,3,260,0
2020-04-29T05:15:00,10.6,13,90,3,260,0
2020-04-29T05:30:00,10.6,13,90,3,260,0
2020-04-29T05:45:00,10.6,13,90,3,260,0
2020-04-29T06:00:00,11,36,88,3,260,0
2020-04-29T06:15:00,11,36,88,3,260,0
2020-04-29T06:30:00,11,36,88,3,260,0
2020-04-29T06:45:00,11,36,88,3,260,0
2020-04-29T07:00:00,11.2,34,89,3,250,0
2020-04-29T07:15:00,11.2,34,89,3,250,0
2020-04-29T07:30:00,11.2,34,89,3,250,0
2020-04-29T07:45:00,11.2,34,89,3,250,0
2020-04-29T08:00:00,11.2,37,88,4,240,0
2020-04-29T08:15:00,11.2,37,88,4,240,0
2020-04-29T08:30:00,11.2,37,88,4,240,0
2020-04-29T08:45:00,11.2,37,88,4,240,0
2020-04-29T09:00:00,10.8,53,85,6,250,0
2020-04-29T09:15:00,10.8,53,85,6,250,0
2020-04-29T09:30:00,10.8,53,85,6,250,0
2020-04-29T09:45:00,10.8,53,85,6,250,0
2020-04-29T10:00:00,12,122,77,6,250,0
2020-04-29T10:15:00,12,122,77,6,250,0
2020-04-29T10:30:00,12,122,77,6,250,0
2020-04-29T10:45:00,12,122,77,6,250,0
2020-04-29T11:00:00,14.2,184,73,7,250,0
2020-04-29T11:15:00,14.2,184,73,7,250,0
2020-04-29T11:30:00,14.2,184,73,7,250,0
2020-04-29T11:45:00,14.2,184,73,7,250,0
2020-04-29T12:00:00,13.8,162,69,6,250,0
2020-04-29T12:15:00,13.8,162,69,6,250,0
2020-04-29T12:30:00,13.8,162,69,6,250,0
2020-04-29T12:45:00,13.8,162,69,6,250,0
2020-04-29T13:00:00,15.3,190,65,6,210,0
2020-04-29T13:15:00,15.3,190,65,6,210,0
2020-04-29T13:30:00,15.3,190,65,6,210,0
2020-04-29T13:45:00,15.3,190,65,6,210,0
2020-04-29T14:00:00,14.7,161,66,5,180,0
2020-04-29T14:15:00,14.7,161,66,5,180,0
2020-04-29T14:30:00,14.7,161,66,5,180,0
2020-04-29T14:45:00,14.7,161,66,5,180,0
2020-04-29T15:00:00,14.7,64,65,4,180,0
2020-04-29T15:15:00,14.7,64,65,4,180,0
2020-04-29T15:30:00,14.7,64,65,4,180,0
2020-04-29T15:45:00,14.7,64,65,4,180,0
2020-04-29T16:00:00,15,18,65,5,180,0
2020-04-29T16:15:00,15,18,65,5,180,0
2020-04-29T16:30:00,15,18,65,5,180,0
2020-04-29T16:45:00,15,18,65,5,180,0
2020-04-29T17:00:00,13.3,14,78,7,200,0
2020-04-29T17:15:00,13.3,14,78,7,200,0
2020-04-29T17:30:00,13.3,14,78,7,200,0
2020-04-29T17:45:00,13.3,14,78,7,200,0
2020-04-29T18:00:00,12.8,3,83,5,180,1.25
2020-04-29T18:15:00,12.8,3,83,5,180,1.25
2020-04-29T18:30:00,12.8,3,83,5,180,1.25
2020-04-29T18:45:00,12.8,3,83,5,180,1.25
2020-04-29T19:00:00,10.1,0,87,6,230,3.5
2020-04-29T19:15:00,10.1,0,87,6,230,3.5
2020-04-29T19:30:00,10.1,0,87,6,230,3.5
2020-04-29T19:45:00,10.1,0,87,6,230,3.5
2020-04-29T20:00:00,9.9,0,86,6,220,1.5
2020-04-29T20:15:00,9.9,0,86,6,220,1.5
2020-04-29T20:30:00,9.9,0,86,6,220,1.5
2020-04-29T20:45:00,9.9,0,86,6,220,1.5
2020-04-29T21:00:00,10.3,0,87,6,200,0
2020-04-29T21:15:00,10.3,0,87,6,200,0
2020-04-29T21:30:00,10.3,0,87,6,200,0
2020-04-29T21:45:00,10.3,0,87,6,200,0
2020-04-29T22:00:00,10.3,0,85,6,190,0
2020-04-29T22:15:00,10.3,0,85,6,190,0
2020-04-29T22:30:00,10.3,0,85,6,190,0
2020-04-29T22:45:00,10.3,0,85,6,190,0
2020-04-29T23:00:00,9.9,0,84,6,190,0
2020-04-29T23:15:00,9.9,0,84,6,190,0
2020-04-29T23:30:00,9.9,0,84,6,190,0
2020-04-29T23:45:00,9.9,0,84,6,190,0
2020-04-30T00:00:00,10.1,0,82,6,190,0
2020-04-30T00:15:00,10.1,0,82,6,190,0
2020-04-30T00:30:00,10.1,0,82,6,190,0
2020-04-30T00:45:00,10.1,0,82,6,190,0
2020-04-30T01:00:00,10.1,0,82,6,190,0
2020-04-30T01:15:00,10.1,0,82,6,190,0
2020-04-30T01:30:00,10.1,0,82,6,190,0
2020-04-30T01:45:00,10.1,0,82,6,190,0
2020-04-30T02:00:00,9.9,0,79,6,190,0
2020-04-30T02:15:00,9.9,0,79,6,190,0
2020-04-30T02:30:00,9.9,0,79,6,190,0
2020-04-30T02:45:00,9.9,0,79,6,190,0
2020-04-30T03:00:00,9.6,0,81,5,180,0
2020-04-30T03:15:00,9.6,0,81,5,180,0
2020-04-30T03:30:00,9.6,0,81,5,180,0
2020-04-30T03:45:00,9.6,0,81,5,180,0
2020-04-30T04:00:00,9.5,1,88,6,200,0.25
2020-04-30T04:15:00,9.5,1,88,6,200,0.25
2020-04-30T04:30:00,9.5,1,88,6,200,0.25
2020-04-30T04:45:00,9.5,1,88,6,200,0.25
2020-04-30T05:00:00,9.6,13,88,7,220,1.5
2020-04-30T05:15:00,9.6,13,88,7,220,1.5
2020-04-30T05:30:00,9.6,13,88,7,220,1.5
2020-04-30T05:45:00,9.6,13,88,7,220,1.5
2020-04-30T06:00:00,10.3,81,81,7,240,0
2020-04-30T06:15:00,10.3,81,81,7,240,0
2020-04-30T06:30:00,10.3,81,81,7,240,0
2020-04-30T06:45:00,10.3,81,81,7,240,0
2020-04-30T07:00:00,11.1,134,75,8,220,0
2020-04-30T07:15:00,11.1,134,75,8,220,0
2020-04-30T07:30:00,11.1,134,75,8,220,0
2020-04-30T07:45:00,11.1,134,75,8,220,0
2020-04-30T08:00:00,9.6,154,86,8,240,1
2020-04-30T08:15:00,9.6,154,86,8,240,1
2020-04-30T08:30:00,9.6,154,86,8,240,1
2020-04-30T08:45:00,9.6,154,86,8,240,1
2020-04-30T09:00:00,11.6,174,68,8,220,0
2020-04-30T09:15:00,11.6,174,68,8,220,0
2020-04-30T09:30:00,11.6,174,68,8,220,0
2020-04-30T09:45:00,11.6,174,68,8,220,0
2020-04-30T10:00:00,13.5,155,61,8,200,0
2020-04-30T10:15:00,13.5,155,61,8,200,0
2020-04-30T10:30:00,13.5,155,61,8,200,0
2020-04-30T10:45:00,13.5,155,61,8,200,0
2020-04-30T11:00:00,13.4,241,59,8,200,0
2020-04-30T11:15:00,13.4,241,59,8,200,0
2020-04-30T11:30:00,13.4,241,59,8,200,0
2020-04-30T11:45:00,13.4,241,59,8,200,0
2020-04-30T12:00:00,14.1,229,51,7,210,0
2020-04-30T12:15:00,14.1,229,51,7,210,0
2020-04-30T12:30:00,14.1,229,51,7,210,0
2020-04-30T12:45:00,14.1,229,51,7,210,0
2020-04-30T13:00:00,15.3,241,48,7,200,0
2020-04-30T13:15:00,15.3,241,48,7,200,0
2020-04-30T13:30:00,15.3,241,48,7,200,0
2020-04-30T13:45:00,15.3,241,48,7,200,0
2020-04-30T14:00:00,15.4,204,44,7,170,0
2020-04-30T14:15:00,15.4,204,44,7,170,0
2020-04-30T14:30:00,15.4,204,44,7,170,0
2020-04-30T14:45:00,15.4,204,44,7,170,0
2020-04-30T15:00:00,16,156,42,7,190,0
2020-04-30T15:15:00,16,156,42,7,190,0
2020-04-30T15:30:00,16,156,42,7,190,0
2020-04-30T15:45:00,16,156,42,7,190,0
2020-04-30T16:00:00,14.5,82,53,7,210,0
2020-04-30T16:15:00,14.5,82,53,7,210,0
2020-04-30T16:30:00,14.5,82,53,7,210,0
2020-04-30T16:45:00,14.5,82,53,7,210,0
2020-04-30T17:00:00,13.8,42,54,7,190,0
2020-04-30T17:15:00,13.8,42,54,7,190,0
2020-04-30T17:30:00,13.8,42,54,7,190,0
2020-04-30T17:45:00,13.8,42,54,7,190,0
2020-04-30T18:00:00,9.2,2,85,7,190,2.5
2020-04-30T18:15:00,9.2,2,85,7,190,2.5
2020-04-30T18:30:00,9.2,2,85,7,190,2.5
2020-04-30T18:45:00,9.2,2,85,7,190,2.5
2020-04-30T19:00:00,9.7,0,87,4,180,0
2020-04-30T19:15:00,9.7,0,87,4,180,0
2020-04-30T19:30:00,9.7,0,87,4,180,0
2020-04-30T19:45:00,9.7,0,87,4,180,0
2020-04-30T20:00:00,10.6,0,78,6,210,0
2020-04-30T20:15:00,10.6,0,78,6,210,0
2020-04-30T20:30:00,10.6,0,78,6,210,0
2020-04-30T20:45:00,10.6,0,78,6,210,0
2020-04-30T21:00:00,9.5,0,81,9,220,0.75
2020-04-30T21:15:00,9.5,0,81,9,220,0.75
2020-04-30T21:30:00,9.5,0,81,9,220,0.75
2020-04-30T21:45:00,9.5,0,81,9,220,0.75
2020-04-30T22:00:00,9.6,0,81,7,220,0
2020-04-30T22:15:00,9.6,0,81,7,220,0
2020-04-30T22:30:00,9.6,0,81,7,220,0
2020-04-30T22:45:00,9.6,0,81,7,220,0
2020-04-30T23:00:00,9.7,0,81,8,220,0
2020-04-30T23:15:00,9.7,0,81,8,220,0
2020-04-30T23:30:00,9.7,0,81,8,220,0
2020-04-30T23:45:00,9.7,0,81,8,220,0
2020-05-01T00:00:00,9.7,0,81,7,220,0
2020-05-01T00:15:00,9.7,0,81,7,220,0
2020-05-01T00:30:00,9.7,0,81,7,220,0
2020-05-01T00:45:00,9.7,0,81,7,220,0
2020-05-01T01:00:00,9.1,0,84,7,210,0.25
2020-05-01T01:15:00,9.1,0,84,7,210,0.25
2020-05-01T01:30:00,9.1,0,84,7,210,0.25
2020-05-01T01:45:00,9.1,0,84,7,210,0.25
2020-05-01T02:00:00,9.5,0,82,7,210,0
2020-05-01T02:15:00,9.5,0,82,7,210,0
2020-05-01T02:30:00,9.5,0,82,7,210,0
2020-05-01T02:45:00,9.5,0,82,7,210,0
2020-05-01T03:00:00,9.1,0,82,7,210,0
2020-05-01T03:15:00,9.1,0,82,7,210,0
2020-05-01T03:30:00,9.1,0,82,7,210,0
2020-05-01T03:45:00,9.1,0,82,7,210,0
2020-05-01T04:00:00,8.7,1,88,7,210,0.5
2020-05-01T04:15:00,8.7,1,88,7,210,0.5
2020-05-01T04:30:00,8.7,1,88,7,210,0.5
2020-05-01T04:45:00,8.7,1,88,7,210,0.5
2020-05-01T05:00:00,9,12,86,7,210,0.5
2020-05-01T05:15:00,9,12,86,7,210,0.5
2020-05-01T05:30:00,9,12,86,7,210,0.5
2020-05-01T05:45:00,9,12,86,7,210,0.5
2020-05-01T06:00:00,9.9,48,85,7,210,0
2020-05-01T06:15:00,9.9,48,85,7,210,0
2020-05-01T06:30:00,9.9,48,85,7,210,0
2020-05-01T06:45:00,9.9,48,85,7,210,0
2020-05-01T07:00:00,9,53,90,8,210,3.5
2020-05-01T07:15:00,9,53,90,8,210,3.5
2020-05-01T07:30:00,9,53,90,8,210,3.5
2020-05-01T07:45:00,9,53,90,8,210,3.5
2020-05-01T08:00:00,11.4,65,81,9,220,2
2020-05-01T08:15:00,11.4,65,81,9,220,2
2020-05-01T08:30:00,11.4,65,81,9,220,2
2020-05-01T08:45:00,11.4,65,81,9,220,2
2020-05-01T09:00:00,10.2,129,81,9,230,0.5
2020-05-01T09:15:00,10.2,129,81,9,230,0.5
2020-05-01T09:30:00,10.2,129,81,9,230,0.5
2020-05-01T09:45:00,10.2,129,81,9,230,0.5
2020-05-01T10:00:00,10.8,81,88,7,260,6.5
2020-05-01T10:15:00,10.8,81,88,7,260,6.5
2020-05-01T10:30:00,10.8,81,88,7,260,6.5
2020-05-01T10:45:00,10.8,81,88,7,260,6.5
2020-05-01T11:00:00,12.3,209,73,8,260,0
2020-05-01T11:15:00,12.3,209,73,8,260,0
2020-05-01T11:30:00,12.3,209,73,8,260,0
2020-05-01T11:45:00,12.3,209,73,8,260,0
2020-05-01T12:00:00,12.5,226,72,9,260,0
2020-05-01T12:15:00,12.5,226,72,9,260,0
2020-05-01T12:30:00,12.5,226,72,9,260,0
2020-05-01T12:45:00,12.5,226,72,9,260,0
2020-05-01T13:00:00,13.8,208,70,8,260,0
2020-05-01T13:15:00,13.8,208,70,8,260,0
2020-05-01T13:30:00,13.8,208,70,8,260,0
2020-05-01T13:45:00,13.8,208,70,8,260,0
2020-05-01T14:00:00,13.8,232,65,8,250,0
2020-05-01T14:15:00,13.8,232,65,8,250,0
2020-05-01T14:30:00,13.8,232,65,8,250,0
2020-05-01T14:45:00,13.8,232,65,8,250,0
2020-05-01T15:00:00,13.1,172,66,8,260,0
2020-05-01T15:15:00,13.1,172,66,8,260,0
2020-05-01T15:30:00,13.1,172,66,8,260,0
2020-05-01T15:45:00,13.1,172,66,8,260,0
2020-05-01T16:00:00,12.6,98,72,7,260,0
2020-05-01T16:15:00,12.6,98,72,7,260,0
2020-05-01T16:30:00,12.6,98,72,7,260,0
2020-05-01T16:45:00,12.6,98,72,7,260,0
2020-05-01T17:00:00,11.5,57,72,5,270,0
2020-05-01T17:15:00,11.5,57,72,5,270,0
2020-05-01T17:30:00,11.5,57,72,5,270,0
2020-05-01T17:45:00,11.5,57,72,5,270,0
2020-05-01T18:00:00,10,13,80,4,250,0
2020-05-01T18:15:00,10,13,80,4,250,0
2020-05-01T18:30:00,10,13,80,4,250,0
2020-05-01T18:45:00,10,13,80,4,250,0
2020-05-01T19:00:00,9.5,0,83,4,260,0
2020-05-01T19:15:00,9.5,0,83,4,260,0
2020-05-01T19:30:00,9.5,0,83,4,260,0
2020-05-01T19:45:00,9.5,0,83,4,260,0
2020-05-01T20:00:00,9.3,0,89,3,230,0
2020-05-01T20:15:00,9.3,0,89,3,230,0
2020-05-01T20:30:00,9.3,0,89,3,230,0
2020-05-01T20:45:00,9.3,0,89,3,230,0
2020-05-01T21:00:00,9.1,0,86,4,240,0
2020-05-01T21:15:00,9.1,0,86,4,240,0
2020-05-01T21:30:00,9.1,0,86,4,240,0
2020-05-01T21:45:00,9.1,0,86,4,240,0
2020-05-01T22:00:00,9.7,0,84,4,240,0
2020-05-01T22:15:00,9.7,0,84,4,240,0
2020-05-01T22:30:00,9.7,0,84,4,240,0
2020-05-01T22:45:00,9.7,0,84,4,240,0
2020-05-01T23:00:00,9.6,0,85,3,250,0
2020-05-01T23:15:00,9.6,0,85,3,250,0
2020-05-01T23:30:00,9.6,0,85,3,250,0
2020-05-01T23:45:00,9.6,0,85,3,250,0
2020-05-02T00:00:00,9.6,0,83,4,250,0
2020-05-02T00:15:00,9.6,0,83,4,250,0
2020-05-02T00:30:00,9.6,0,83,4,250,0
2020-05-02T00:45:00,9.6,0,83,4,250,0
2020-05-02T01:00:00,10.2,0,76,4,260,0
2020-05-02T01:15:00,10.2,0,76,4,260,0
2020-05-02T01:30:00,10.2,0,76,4,260,0
2020-05-02T01:45:00,10.2,0,76,4,260,0
2020-05-02T02:00:00,10.1,0,75,5,260,0
2020-05-02T02:15:00,10.1,0,75,5,260,0
2020-05-02T02:30:00,10.1,0,75,5,260,0
2020-05-02T02:45:00,10.1,0,75,5,260,0
2020-05-02T03:00:00,9.1,0,81,5,260,0
2020-05-02T03:15:00,9.1,0,81,5,260,0
2020-05-02T03:30:00,9.1,0,81,5,260,0
2020-05-02T03:45:00,9.1,0,81,5,260,0
2020-05-02T04:00:00,9.4,5,78,4,270,0
2020-05-02T04:15:00,9.4,5,78,4,270,0
2020-05-02T04:30:00,9.4,5,78,4,270,0
2020-05-02T04:45:00,9.4,5,78,4,270,0
2020-05-02T05:00:00,10.4,42,75,3,290,0
2020-05-02T05:15:00,10.4,42,75,3,290,0
2020-05-02T05:30:00,10.4,42,75,3,290,0
2020-05-02T05:45:00,10.4,42,75,3,290,0
2020-05-02T06:00:00,10.7,75,73,5,280,0
2020-05-02T06:15:00,10.7,75,73,5,280,0
2020-05-02T06:30:00,10.7,75,73,5,280,0
2020-05-02T06:45:00,10.7,75,73,5,280,0
2020-05-02T07:00:00,10.9,115,68,6,270,0
2020-05-02T07:15:00,10.9,115,68,6,270,0
2020-05-02T07:30:00,10.9,115,68,6,270,0
2020-05-02T07:45:00,10.9,115,68,6,270,0
2020-05-02T08:00:00,11,107,73,6,280,0
2020-05-02T08:15:00,11,107,73,6,280,0
2020-05-02T08:30:00,11,107,73,6,280,0
2020-05-02T08:45:00,11,107,73,6,280,0
2020-05-02T09:00:00,11.7,188,73,6,280,0
2020-05-02T09:15:00,11.7,188,73,6,280,0
2020-05-02T09:30:00,11.7,188,73,6,280,0
2020-05-02T09:45:00,11.7,188,73,6,280,0
2020-05-02T10:00:00,12.9,236,70,6,290,0
2020-05-02T10:15:00,12.9,236,70,6,290,0
2020-05-02T10:30:00,12.9,236,70,6,290,0
2020-05-02T10:45:00,12.9,236,70,6,290,0
2020-05-02T11:00:00,12.4,277,68,6,280,0
2020-05-02T11:15:00,12.4,277,68,6,280,0
2020-05-02T11:30:00,12.4,277,68,6,280,0
2020-05-02T11:45:00,12.4,277,68,6,280,0
2020-05-02T12:00:00,11.9,255,71,6,290,0
2020-05-02T12:15:00,11.9,255,71,6,290,0
2020-05-02T12:30:00,11.9,255,71,6,290,0
2020-05-02T12:45:00,11.9,255,71,6,290,0
2020-05-02T13:00:00,12.5,196,69,5,290,0
2020-05-02T13:15:00,12.5,196,69,5,290,0
2020-05-02T13:30:00,12.5,196,69,5,290,0
2020-05-02T13:45:00,12.5,196,69,5,290,0
2020-05-02T14:00:00,13.1,221,66,6,290,0
2020-05-02T14:15:00,13.1,221,66,6,290,0
2020-05-02T14:30:00,13.1,221,66,6,290,0
2020-05-02T14:45:00,13.1,221,66,6,290,0
2020-05-02T15:00:00,12.8,153,65,6,300,0
2020-05-02T15:15:00,12.8,153,65,6,300,0
2020-05-02T15:30:00,12.8,153,65,6,300,0
2020-05-02T15:45:00,12.8,153,65,6,300,0
2020-05-02T16:00:00,12.7,129,67,5,280,0
2020-05-02T16:15:00,12.7,129,67,5,280,0
2020-05-02T16:30:00,12.7,129,67,5,280,0
2020-05-02T16:45:00,12.7,129,67,5,280,0
2020-05-02T17:00:00,11.8,67,72,3,280,0
2020-05-02T17:15:00,11.8,67,72,3,280,0
2020-05-02T17:30:00,11.8,67,72,3,280,0
2020-05-02T17:45:00,11.8,67,72,3,280,0
2020-05-02T18:00:00,9.7,15,82,3,270,0
2020-05-02T18:15:00,9.7,15,82,3,270,0
2020-05-02T18:30:00,9.7,15,82,3,270,0
2020-05-02T18:45:00,9.7,15,82,3,270,0
2020-05-02T19:00:00,8.8,0,88,2,250,0
2020-05-02T19:15:00,8.8,0,88,2,250,0
2020-05-02T19:30:00,8.8,0,88,2,250,0
2020-05-02T19:45:00,8.8,0,88,2,250,0
2020-05-02T20:00:00,9.4,0,89,3,250,0
2020-05-02T20:15:00,9.4,0,89,3,250,0
2020-05-02T20:30:00,9.4,0,89,3,250,0
2020-05-02T20:45:00,9.4,0,89,3,250,0
2020-05-02T21:00:00,9.1,0,89,3,250,0
2020-05-02T21:15:00,9.1,0,89,3,250,0
2020-05-02T21:30:00,9.1,0,89,3,250,0
2020-05-02T21:45:00,9.1,0,89,3,250,0
2020-05-02T22:00:00,8.5,0,90,3,250,0
2020-05-02T22:15:00,8.5,0,90,3,250,0
2020-05-02T22:30:00,8.5,0,90,3,250,0
2020-05-02T22:45:00,8.5,0,90,3,250,0
2020-05-02T23:00:00,8.2,0,90,3,220,0
2020-05-02T23:15:00,8.2,0,90,3,220,0
2020-05-02T23:30:00,8.2,0,90,3,220,0
2020-05-02T23:45:00,8.2,0,90,3,220,0
2020-05-03T00:00:00,9.7,0,87,3,240,0
2020-05-03T00:15:00,9.7,0,87,3,240,0
2020-05-03T00:30:00,9.7,0,87,3,240,0
2020-05-03T00:45:00,9.7,0,87,3,240,0
2020-05-03T01:00:00,10.2,0,84,3,230,0
2020-05-03T01:15:00,10.2,0,84,3,230,0
2020-05-03T01:30:00,10.2,0,84,3,230,0
2020-05-03T01:45:00,10.2,0,84,3,230,0
2020-05-03T02:00:00,10.1,0,85,3,230,0
2020-05-03T02:15:00,10.1,0,85,3,230,0
2020-05-03T02:30:00,10.1,0,85,3,230,0
2020-05-03T02:45:00,10.1,0,85,3,230,0
2020-05-03T03:00:00,9.8,0,87,4,230,0
2020-05-03T03:15:00,9.8,0,87,4,230,0
2020-05-03T03:30:00,9.8,0,87,4,230,0
2020-05-03T03:45:00,9.8,0,87,4,230,0
2020-05-03T04:00:00,9.9,10,88,4,250,0
2020-05-03T04:15:00,9.9,10,88,4,250,0
2020-05-03T04:30:00,9.9,10,88,4,250,0
2020-05-03T04:45:00,9.9,10,88,4,250,0
2020-05-03T05:00:00,10.5,44,86,1,320,0
2020-05-03T05:15:00,10.5,44,86,1,320,0
2020-05-03T05:30:00,10.5,44,86,1,320,0
2020-05-03T05:45:00,10.5,44,86,1,320,0
2020-05-03T06:00:00,12.1,78,83,2,250,0
2020-05-03T06:15:00,12.1,78,83,2,250,0
2020-05-03T06:30:00,12.1,78,83,2,250,0
2020-05-03T06:45:00,12.1,78,83,2,250,0
2020-05-03T07:00:00,13.4,125,78,1,990,0
2020-05-03T07:15:00,13.4,125,78,1,990,0
2020-05-03T07:30:00,13.4,125,78,1,990,0
2020-05-03T07:45:00,13.4,125,78,1,990,0
2020-05-03T08:00:00,14.1,160,72,2,220,0
2020-05-03T08:15:00,14.1,160,72,2,220,0
2020-05-03T08:30:00,14.1,160,72,2,220,0
2020-05-03T08:45:00,14.1,160,72,2,220,0
2020-05-03T09:00:00,14.9,168,63,3,220,0
2020-05-03T09:15:00,14.9,168,63,3,220,0
2020-05-03T09:30:00,14.9,168,63,3,220,0
2020-05-03T09:45:00,14.9,168,63,3,220,0
2020-05-03T10:00:00,15.4,237,58,4,240,0
2020-05-03T10:15:00,15.4,237,58,4,240,0
2020-05-03T10:30:00,15.4,237,58,4,240,0
2020-05-03T10:45:00,15.4,237,58,4,240,0
2020-05-03T11:00:00,16.3,281,53,3,240,0
2020-05-03T11:15:00,16.3,281,53,3,240,0
2020-05-03T11:30:00,16.3,281,53,3,240,0
2020-05-03T11:45:00,16.3,281,53,3,240,0
2020-05-03T12:00:00,15.1,124,56,4,240,0
2020-05-03T12:15:00,15.1,124,56,4,240,0
2020-05-03T12:30:00,15.1,124,56,4,240,0
2020-05-03T12:45:00,15.1,124,56,4,240,0
2020-05-03T13:00:00,15.7,116,59,3,290,0
2020-05-03T13:15:00,15.7,116,59,3,290,0
2020-05-03T13:30:00,15.7,116,59,3,290,0
2020-05-03T13:45:00,15.7,116,59,3,290,0
2020-05-03T14:00:00,15.6,116,48,2,230,0
2020-05-03T14:15:00,15.6,116,48,2,230,0
2020-05-03T14:30:00,15.6,116,48,2,230,0
2020-05-03T14:45:00,15.6,116,48,2,230,0
2020-05-03T15:00:00,15,82,58,2,350,0
2020-05-03T15:15:00,15,82,58,2,350,0
2020-05-03T15:30:00,15,82,58,2,350,0
2020-05-03T15:45:00,15,82,58,2,350,0
2020-05-03T16:00:00,13.9,55,63,3,10,0
2020-05-03T16:15:00,13.9,55,63,3,10,0
2020-05-03T16:30:00,13.9,55,63,3,10,0
2020-05-03T16:45:00,13.9,55,63,3,10,0
2020-05-03T17:00:00,13.2,20,64,2,360,0
2020-05-03T17:15:00,13.2,20,64,2,360,0
2020-05-03T17:30:00,13.2,20,64,2,360,0
2020-05-03T17:45:00,13.2,20,64,2,360,0
2020-05-03T18:00:00,12.4,5,63,2,40,0
2020-05-03T18:15:00,12.4,5,63,2,40,0
2020-05-03T18:30:00,12.4,5,63,2,40,0
2020-05-03T18:45:00,12.4,5,63,2,40,0
2020-05-03T19:00:00,12.2,0,69,1,50,0
2020-05-03T19:15:00,12.2,0,69,1,50,0
2020-05-03T19:30:00,12.2,0,69,1,50,0
2020-05-03T19:45:00,12.2,0,69,1,50,0
2020-05-03T20:00:00,10.9,0,88,1,60,0.25
2020-05-03T20:15:00,10.9,0,88,1,60,0.25
2020-05-03T20:30:00,10.9,0,88,1,60,0.25
2020-05-03T20:45:00,10.9,0,88,1,60,0.25
2020-05-03T21:00:00,11,0,90,2,30,0.5
2020-05-03T21:15:00,11,0,90,2,30,0.5
2020-05-03T21:30:00,11,0,90,2,30,0.5
2020-05-03T21:45:00,11,0,90,2,30,0.5
2020-05-03T22:00:00,10.7,0,91,3,40,0.5
2020-05-03T22:15:00,10.7,0,91,3,40,0.5
2020-05-03T22:30:00,10.7,0,91,3,40,0.5
2020-05-03T22:45:00,10.7,0,91,3,40,0.5
2020-05-03T23:00:00,10.4,0,91,4,50,0
2020-05-03T23:15:00,10.4,0,91,4,50,0
2020-05-03T23:30:00,10.4,0,91,4,50,0
2020-05-03T23:45:00,10.4,0,91,4,50,0
2020-05-04T00:00:00,10.5,0,87,3,50,0
2020-05-04T00:15:00,10.5,0,87,3,50,0
2020-05-04T00:30:00,10.5,0,87,3,50,0
2020-05-04T00:45:00,10.5,0,87,3,50,0
2020-05-04T01:00:00,10.3,0,92,3,40,1
2020-05-04T01:15:00,10.3,0,92,3,40,1
2020-05-04T01:30:00,10.3,0,92,3,40,1
2020-05-04T01:45:00,10.3,0,92,3,40,1
2020-05-04T02:00:00,10,0,92,3,60,0.25
2020-05-04T02:15:00,10,0,92,3,60,0.25
2020-05-04T02:30:00,10,0,92,3,60,0.25
2020-05-04T02:45:00,10,0,92,3,60,0.25
2020-05-04T03:00:00,10.1,0,94,2,40,0
2020-05-04T03:15:00,10.1,0,94,2,40,0
2020-05-04T03:30:00,10.1,0,94,2,40,0
2020-05-04T03:45:00,10.1,0,94,2,40,0
2020-05-04T04:00:00,9.3,2,92,4,50,0
2020-05-04T04:15:00,9.3,2,92,4,50,0
2020-05-04T04:30:00,9.3,2,92,4,50,0
2020-05-04T04:45:00,9.3,2,92,4,50,0
2020-05-04T05:00:00,9.5,12,90,3,50,0
2020-05-04T05:15:00,9.5,12,90,3,50,0
2020-05-04T05:30:00,9.5,12,90,3,50,0
2020-05-04T05:45:00,9.5,12,90,3,50,0
2020-05-04T06:00:00,10.1,50,87,4,50,0
2020-05-04T06:15:00,10.1,50,87,4,50,0
2020-05-04T06:30:00,10.1,50,87,4,50,0
2020-05-04T06:45:00,10.1,50,87,4,50,0
2020-05-04T07:00:00,11.1,121,80,6,60,0
2020-05-04T07:15:00,11.1,121,80,6,60,0
2020-05-04T07:30:00,11.1,121,80,6,60,0
2020-05-04T07:45:00,11.1,121,80,6,60,0
2020-05-04T08:00:00,12.9,210,72,5,60,0
2020-05-04T08:15:00,12.9,210,72,5,60,0
2020-05-04T08:30:00,12.9,210,72,5,60,0
2020-05-04T08:45:00,12.9,210,72,5,60,0
2020-05-04T09:00:00,13.7,250,62,5,60,0
2020-05-04T09:15:00,13.7,250,62,5,60,0
2020-05-04T09:30:00,13.7,250,62,5,60,0
2020-05-04T09:45:00,13.7,250,62,5,60,0
2020-05-04T10:00:00,14.1,294,58,5,50,0
2020-05-04T10:15:00,14.1,294,58,5,50,0
2020-05-04T10:30:00,14.1,294,58,5,50,0
2020-05-04T10:45:00,14.1,294,58,5,50,0
2020-05-04T11:00:00,14.7,306,54,5,50,0
2020-05-04T11:15:00,14.7,306,54,5,50,0
2020-05-04T11:30:00,14.7,306,54,5,50,0
2020-05-04T11:45:00,14.7,306,54,5,50,0
2020-05-04T12:00:00,15.1,295,48,5,50,0
2020-05-04T12:15:00,15.1,295,48,5,50,0
2020-05-04T12:30:00,15.1,295,48,5,50,0
2020-05-04T12:45:00,15.1,295,48,5,50,0
2020-05-04T13:00:00,15.5,272,49,5,50,0
2020-05-04T13:15:00,15.5,272,49,5,50,0
2020-05-04T13:30:00,15.5,272,49,5,50,0
2020-05-04T13:45:00,15.5,272,49,5,50,0
2020-05-04T14:00:00,14.6,214,52,5,50,0
2020-05-04T14:15:00,14.6,214,52,5,50,0
2020-05-04T14:30:00,14.6,214,52,5,50,0
2020-05-04T14:45:00,14.6,214,52,5,50,0
2020-05-04T15:00:00,14.5,150,51,5,30,0
2020-05-04T15:15:00,14.5,150,51,5,30,0
2020-05-04T15:30:00,14.5,150,51,5,30,0
2020-05-04T15:45:00,14.5,150,51,5,30,0
2020-05-04T16:00:00,13.7,131,54,5,30,0
2020-05-04T16:15:00,13.7,131,54,5,30,0
2020-05-04T16:30:00,13.7,131,54,5,30,0
2020-05-04T16:45:00,13.7,131,54,5,30,0
2020-05-04T17:00:00,12.3,71,60,5,50,0
2020-05-04T17:15:00,12.3,71,60,5,50,0
2020-05-04T17:30:00,12.3,71,60,5,50,0
2020-05-04T17:45:00,12.3,71,60,5,50,0
2020-05-04T18:00:00,10.5,19,63,5,30,0
2020-05-04T18:15:00,10.5,19,63,5,30,0
2020-05-04T18:30:00,10.5,19,63,5,30,0
2020-05-04T18:45:00,10.5,19,63,5,30,0
2020-05-04T19:00:00,9.3,0,70,5,30,0
2020-05-04T19:15:00,9.3,0,70,5,30,0
2020-05-04T19:30:00,9.3,0,70,5,30,0
2020-05-04T19:45:00,9.3,0,70,5,30,0
2020-05-04T20:00:00,8.5,0,72,4,30,0
2020-05-04T20:15:00,8.5,0,72,4,30,0
2020-05-04T20:30:00,8.5,0,72,4,30,0
2020-05-04T20:45:00,8.5,0,72,4,30,0
2020-05-04T21:00:00,7.8,0,77,3,40,0
2020-05-04T21:15:00,7.8,0,77,3,40,0
2020-05-04T21:30:00,7.8,0,77,3,40,0
2020-05-04T21:45:00,7.8,0,77,3,40,0
2020-05-04T22:00:00,6.7,0,82,3,40,0
2020-05-04T22:15:00,6.7,0,82,3,40,0
2020-05-04T22:30:00,6.7,0,82,3,40,0
2020-05-04T22:45:00,6.7,0,82,3,40,0
2020-05-04T23:00:00,5.3,0,86,3,50,0
2020-05-04T23:15:00,5.3,0,86,3,50,0
2020-05-04T23:30:00,5.3,0,86,3,50,0
2020-05-04T23:45:00,5.3,0,86,3,50,0
2020-05-05T00:00:00,4.5,0,89,3,60,0
2020-05-05T00:15:00,4.5,0,89,3,60,0
2020-05-05T00:30:00,4.5,0,89,3,60,0
2020-05-05T00:45:00,4.5,0,89,3,60,0
2020-05-05T01:00:00,4.3,0,87,3,50,0
2020-05-05T01:15:00,4.3,0,87,3,50,0
2020-05-05T01:30:00,4.3,0,87,3,50,0
2020-05-05T01:45:00,4.3,0,87,3,50,0
2020-05-05T02:00:00,5.3,0,81,4,70,0
2020-05-05T02:15:00,5.3,0,81,4,70,0
2020-05-05T02:30:00,5.3,0,81,4,70,0
2020-05-05T02:45:00,5.3,0,81,4,70,0
2020-05-05T03:00:00,4.6,0,82,3,70,0
2020-05-05T03:15:00,4.6,0,82,3,70,0
2020-05-05T03:30:00,4.6,0,82,3,70,0
2020-05-05T03:45:00,4.6,0,82,3,70,0
2020-05-05T04:00:00,5.6,12,80,4,60,0
2020-05-05T04:15:00,5.6,12,80,4,60,0
2020-05-05T04:30:00,5.6,12,80,4,60,0
2020-05-05T04:45:00,5.6,12,80,4,60,0
2020-05-05T05:00:00,7.3,62,71,5,60,0
2020-05-05T05:15:00,7.3,62,71,5,60,0
2020-05-05T05:30:00,7.3,62,71,5,60,0
2020-05-05T05:45:00,7.3,62,71,5,60,0
2020-05-05T06:00:00,8.6,122,64,7,70,0
2020-05-05T06:15:00,8.6,122,64,7,70,0
2020-05-05T06:30:00,8.6,122,64,7,70,0
2020-05-05T06:45:00,8.6,122,64,7,70,0
2020-05-05T07:00:00,10.1,180,56,7,70,0
2020-05-05T07:15:00,10.1,180,56,7,70,0
2020-05-05T07:30:00,10.1,180,56,7,70,0
2020-05-05T07:45:00,10.1,180,56,7,70,0
2020-05-05T08:00:00,10.6,222,55,6,60,0
2020-05-05T08:15:00,10.6,222,55,6,60,0
2020-05-05T08:30:00,10.6,222,55,6,60,0
2020-05-05T08:45:00,10.6,222,55,6,60,0
2020-05-05T09:00:00,12.1,266,50,5,70,0
2020-05-05T09:15:00,12.1,266,50,5,70,0
2020-05-05T09:30:00,12.1,266,50,5,70,0
2020-05-05T09:45:00,12.1,266,50,5,70,0
2020-05-05T10:00:00,11.9,287,51,5,40,0
2020-05-05T10:15:00,11.9,287,51,5,40,0
2020-05-05T10:30:00,11.9,287,51,5,40,0
2020-05-05T10:45:00,11.9,287,51,5,40,0
2020-05-05T11:00:00,13.5,283,44,5,50,0
2020-05-05T11:15:00,13.5,283,44,5,50,0
2020-05-05T11:30:00,13.5,283,44,5,50,0
2020-05-05T11:45:00,13.5,283,44,5,50,0
2020-05-05T12:00:00,13.7,302,46,5,60,0
2020-05-05T12:15:00,13.7,302,46,5,60,0
2020-05-05T12:30:00,13.7,302,46,5,60,0
2020-05-05T12:45:00,13.7,302,46,5,60,0
2020-05-05T13:00:00,13.6,267,45,5,40,0
2020-05-05T13:15:00,13.6,267,45,5,40,0
2020-05-05T13:30:00,13.6,267,45,5,40,0
2020-05-05T13:45:00,13.6,267,45,5,40,0
2020-05-05T14:00:00,13.9,234,49,4,50,0
2020-05-05T14:15:00,13.9,234,49,4,50,0
2020-05-05T14:30:00,13.9,234,49,4,50,0
2020-05-05T14:45:00,13.9,234,49,4,50,0
2020-05-05T15:00:00,13.6,185,46,4,70,0
2020-05-05T15:15:00,13.6,185,46,4,70,0
2020-05-05T15:30:00,13.6,185,46,4,70,0
2020-05-05T15:45:00,13.6,185,46,4,70,0
2020-05-05T16:00:00,13.1,134,48,5,40,0
2020-05-05T16:15:00,13.1,134,48,5,40,0
2020-05-05T16:30:00,13.1,134,48,5,40,0
2020-05-05T16:45:00,13.1,134,48,5,40,0
2020-05-05T17:00:00,12.3,75,50,5,50,0
2020-05-05T17:15:00,12.3,75,50,5,50,0
2020-05-05T17:30:00,12.3,75,50,5,50,0
2020-05-05T17:45:00,12.3,75,50,5,50,0
2020-05-05T18:00:00,10.7,21,59,5,40,0
2020-05-05T18:15:00,10.7,21,59,5,40,0
2020-05-05T18:30:00,10.7,21,59,5,40,0
2020-05-05T18:45:00,10.7,21,59,5,40,0
2020-05-05T19:00:00,8.9,1,68,4,20,0
2020-05-05T19:15:00,8.9,1,68,4,20,0
2020-05-05T19:30:00,8.9,1,68,4,20,0
2020-05-05T19:45:00,8.9,1,68,4,20,0
2020-05-05T20:00:00,8.4,0,72,4,30,0
2020-05-05T20:15:00,8.4,0,72,4,30,0
2020-05-05T20:30:00,8.4,0,72,4,30,0
2020-05-05T20:45:00,8.4,0,72,4,30,0
2020-05-05T21:00:00,7.4,0,80,3,30,0
2020-05-05T21:15:00,7.4,0,80,3,30,0
2020-05-05T21:30:00,7.4,0,80,3,30,0
2020-05-05T21:45:00,7.4,0,80,3,30,0
2020-05-05T22:00:00,6.9,0,83,2,50,0
2020-05-05T22:15:00,6.9,0,83,2,50,0
2020-05-05T22:30:00,6.9,0,83,2,50,0
2020-05-05T22:45:00,6.9,0,83,2,50,0
2020-05-05T23:00:00,6.3,0,83,3,60,0
2020-05-05T23:15:00,6.3,0,83,3,60,0
2020-05-05T23:30:00,6.3,0,83,3,60,0
2020-05-05T23:45:00,6.3,0,83,3,60,0
2020-05-06T00:00:00,5.4,0,85,4,60,0
2020-05-06T00:15:00,5.4,0,85,4,60,0
2020-05-06T00:30:00,5.4,0,85,4,60,0
2020-05-06T00:45:00,5.4,0,85,4,60,0
2020-05-06T01:00:00,4.4,0,88,4,60,0
2020-05-06T01:15:00,4.4,0,88,4,60,0
2020-05-06T01:30:00,4.4,0,88,4,60,0
2020-05-06T01:45:00,4.4,0,88,4,60,0
2020-05-06T02:00:00,3.5,0,90,3,60,0
2020-05-06T02:15:00,3.5,0,90,3,60,0
2020-05-06T02:30:00,3.5,0,90,3,60,0
2020-05-06T02:45:00,3.5,0,90,3,60,0
2020-05-06T03:00:00,4,0,91,2,990,0
2020-05-06T03:15:00,4,0,91,2,990,0
2020-05-06T03:30:00,4,0,91,2,990,0
2020-05-06T03:45:00,4,0,91,2,990,0
2020-05-06T04:00:00,5,12,84,2,60,0
2020-05-06T04:15:00,5,12,84,2,60,0
2020-05-06T04:30:00,5,12,84,2,60,0
2020-05-06T04:45:00,5,12,84,2,60,0
2020-05-06T05:00:00,8.1,59,70,2,70,0
2020-05-06T05:15:00,8.1,59,70,2,70,0
2020-05-06T05:30:00,8.1,59,70,2,70,0
2020-05-06T05:45:00,8.1,59,70,2,70,0
2020-05-06T06:00:00,9.9,118,62,3,80,0
2020-05-06T06:15:00,9.9,118,62,3,80,0
2020-05-06T06:30:00,9.9,118,62,3,80,0
2020-05-06T06:45:00,9.9,118,62,3,80,0
2020-05-06T07:00:00,11.5,172,56,3,70,0
2020-05-06T07:15:00,11.5,172,56,3,70,0
2020-05-06T07:30:00,11.5,172,56,3,70,0
2020-05-06T07:45:00,11.5,172,56,3,70,0
2020-05-06T08:00:00,13.8,215,47,2,100,0
2020-05-06T08:15:00,13.8,215,47,2,100,0
2020-05-06T08:30:00,13.8,215,47,2,100,0
2020-05-06T08:45:00,13.8,215,47,2,100,0
2020-05-06T09:00:00,14.9,260,40,2,90,0
2020-05-06T09:15:00,14.9,260,40,2,90,0
2020-05-06T09:30:00,14.9,260,40,2,90,0
2020-05-06T09:45:00,14.9,260,40,2,90,0
2020-05-06T10:00:00,15.3,297,35,2,90,0
2020-05-06T10:15:00,15.3,297,35,2,90,0
2020-05-06T10:30:00,15.3,297,35,2,90,0
2020-05-06T10:45:00,15.3,297,35,2,90,0
2020-05-06T11:00:00,15.9,306,37,3,40,0
2020-05-06T11:15:00,15.9,306,37,3,40,0
2020-05-06T11:30:00,15.9,306,37,3,40,0
2020-05-06T11:45:00,15.9,306,37,3,40,0
2020-05-06T12:00:00,16.5,295,32,2,90,0
2020-05-06T12:15:00,16.5,295,32,2,90,0
2020-05-06T12:30:00,16.5,295,32,2,90,0
2020-05-06T12:45:00,16.5,295,32,2,90,0
2020-05-06T13:00:00,16.6,272,43,3,30,0
2020-05-06T13:15:00,16.6,272,43,3,30,0
2020-05-06T13:30:00,16.6,272,43,3,30,0
2020-05-06T13:45:00,16.6,272,43,3,30,0
2020-05-06T14:00:00,15.7,234,47,5,10,0
2020-05-06T14:15:00,15.7,234,47,5,10,0
2020-05-06T14:30:00,15.7,234,47,5,10,0
2020-05-06T14:45:00,15.7,234,47,5,10,0
2020-05-06T15:00:00,15.5,186,52,5,350,0
2020-05-06T15:15:00,15.5,186,52,5,350,0
2020-05-06T15:30:00,15.5,186,52,5,350,0
2020-05-06T15:45:00,15.5,186,52,5,350,0
2020-05-06T16:00:00,15.1,133,54,5,10,0
2020-05-06T16:15:00,15.1,133,54,5,10,0
2020-05-06T16:30:00,15.1,133,54,5,10,0
2020-05-06T16:45:00,15.1,133,54,5,10,0
2020-05-06T17:00:00,13.6,72,58,4,360,0
2020-05-06T17:15:00,13.6,72,58,4,360,0
2020-05-06T17:30:00,13.6,72,58,4,360,0
2020-05-06T17:45:00,13.6,72,58,4,360,0
2020-05-06T18:00:00,11.6,20,64,3,350,0
2020-05-06T18:15:00,11.6,20,64,3,350,0
2020-05-06T18:30:00,11.6,20,64,3,350,0
2020-05-06T18:45:00,11.6,20,64,3,350,0
2020-05-06T19:00:00,10.4,0,69,3,40,0
2020-05-06T19:15:00,10.4,0,69,3,40,0
2020-05-06T19:30:00,10.4,0,69,3,40,0
2020-05-06T19:45:00,10.4,0,69,3,40,0
2020-05-06T20:00:00,8.9,0,70,3,40,0
2020-05-06T20:15:00,8.9,0,70,3,40,0
2020-05-06T20:30:00,8.9,0,70,3,40,0
2020-05-06T20:45:00,8.9,0,70,3,40,0
2020-05-06T21:00:00,6.6,0,81,3,60,0
2020-05-06T21:15:00,6.6,0,81,3,60,0
2020-05-06T21:30:00,6.6,0,81,3,60,0
2020-05-06T21:45:00,6.6,0,81,3,60,0
2020-05-06T22:00:00,6.6,0,83,3,50,0
2020-05-06T22:15:00,6.6,0,83,3,50,0
2020-05-06T22:30:00,6.6,0,83,3,50,0
2020-05-06T22:45:00,6.6,0,83,3,50,0
2020-05-06T23:00:00,6.8,0,86,2,70,0
2020-05-06T23:15:00,6.8,0,86,2,70,0
2020-05-06T23:30:00,6.8,0,86,2,70,0
2020-05-06T23:45:00,6.8,0,86,2,70,0
2020-05-07T00:00:00,6.7,0,90,1,60,0
2020-05-07T00:15:00,6.7,0,90,1,60,0
2020-05-07T00:30:00,6.7,0,90,1,60,0
2020-05-07T00:45:00,6.7,0,90,1,60,0
2020-05-07T01:00:00,4.9,0,97,1,70,0
2020-05-07T01:15:00,4.9,0,97,1,70,0
2020-05-07T01:30:00,4.9,0,97,1,70,0
2020-05-07T01:45:00,4.9,0,97,1,70,0
2020-05-07T02:00:00,5.6,0,95,1,90,0
2020-05-07T02:15:00,5.6,0,95,1,90,0
2020-05-07T02:30:00,5.6,0,95,1,90,0
2020-05-07T02:45:00,5.6,0,95,1,90,0
2020-05-07T03:00:00,4.8,0,94,1,0,0
2020-05-07T03:15:00,4.8,0,94,1,0,0
2020-05-07T03:30:00,4.8,0,94,1,0,0
2020-05-07T03:45:00,4.8,0,94,1,0,0
2020-05-07T04:00:00,5.2,12,94,1,40,0
2020-05-07T04:15:00,5.2,12,94,1,40,0
2020-05-07T04:30:00,5.2,12,94,1,40,0
2020-05-07T04:45:00,5.2,12,94,1,40,0
2020-05-07T05:00:00,9.6,58,68,1,0,0
2020-05-07T05:15:00,9.6,58,68,1,0,0
2020-05-07T05:30:00,9.6,58,68,1,0,0
2020-05-07T05:45:00,9.6,58,68,1,0,0
2020-05-07T06:00:00,13.2,114,54,1,140,0
2020-05-07T06:15:00,13.2,114,54,1,140,0
2020-05-07T06:30:00,13.2,114,54,1,140,0
2020-05-07T06:45:00,13.2,114,54,1,140,0
2020-05-07T07:00:00,14.6,171,48,1,130,0
2020-05-07T07:15:00,14.6,171,48,1,130,0
2020-05-07T07:30:00,14.6,171,48,1,130,0
2020-05-07T07:45:00,14.6,171,48,1,130,0
2020-05-07T08:00:00,16.3,213,44,1,990,0
2020-05-07T08:15:00,16.3,213,44,1,990,0
2020-05-07T08:30:00,16.3,213,44,1,990,0
2020-05-07T08:45:00,16.3,213,44,1,990,0
2020-05-07T09:00:00,16.7,255,42,1,990,0
2020-05-07T09:15:00,16.7,255,42,1,990,0
2020-05-07T09:30:00,16.7,255,42,1,990,0
2020-05-07T09:45:00,16.7,255,42,1,990,0
2020-05-07T10:00:00,18.8,289,38,2,260,0
2020-05-07T10:15:00,18.8,289,38,2,260,0
2020-05-07T10:30:00,18.8,289,38,2,260,0
2020-05-07T10:45:00,18.8,289,38,2,260,0
2020-05-07T11:00:00,19.9,294,32,2,990,0
2020-05-07T11:15:00,19.9,294,32,2,990,0
2020-05-07T11:30:00,19.9,294,32,2,990,0
2020-05-07T11:45:00,19.9,294,32,2,990,0
2020-05-07T12:00:00,19.5,272,34,2,270,0
2020-05-07T12:15:00,19.5,272,34,2,270,0
2020-05-07T12:30:00,19.5,272,34,2,270,0
2020-05-07T12:45:00,19.5,272,34,2,270,0
2020-05-07T13:00:00,19.8,256,40,3,340,0
2020-05-07T13:15:00,19.8,256,40,3,340,0
2020-05-07T13:30:00,19.8,256,40,3,340,0
2020-05-07T13:45:00,19.8,256,40,3,340,0
2020-05-07T14:00:00,19.2,165,40,3,320,0
2020-05-07T14:15:00,19.2,165,40,3,320,0
2020-05-07T14:30:00,19.2,165,40,3,320,0
2020-05-07T14:45:00,19.2,165,40,3,320,0
2020-05-07T15:00:00,17.9,167,38,4,350,0
2020-05-07T15:15:00,17.9,167,38,4,350,0
2020-05-07T15:30:00,17.9,167,38,4,350,0
2020-05-07T15:45:00,17.9,167,38,4,350,0
2020-05-07T16:00:00,17.7,122,40,3,10,0
2020-05-07T16:15:00,17.7,122,40,3,10,0
2020-05-07T16:30:00,17.7,122,40,3,10,0
2020-05-07T16:45:00,17.7,122,40,3,10,0
2020-05-07T17:00:00,16.5,63,43,2,350,0
2020-05-07T17:15:00,16.5,63,43,2,350,0
2020-05-07T17:30:00,16.5,63,43,2,350,0
2020-05-07T17:45:00,16.5,63,43,2,350,0
2020-05-07T18:00:00,14.5,20,50,2,30,0
2020-05-07T18:15:00,14.5,20,50,2,30,0
2020-05-07T18:30:00,14.5,20,50,2,30,0
2020-05-07T18:45:00,14.5,20,50,2,30,0
2020-05-07T19:00:00,11.9,1,59,1,10,0
2020-05-07T19:15:00,11.9,1,59,1,10,0
2020-05-07T19:30:00,11.9,1,59,1,10,0
2020-05-07T19:45:00,11.9,1,59,1,10,0
2020-05-07T20:00:00,10.6,0,71,1,60,0
2020-05-07T20:15:00,10.6,0,71,1,60,0
2020-05-07T20:30:00,10.6,0,71,1,60,0
2020-05-07T20:45:00,10.6,0,71,1,60,0
2020-05-07T21:00:00,10.4,0,73,1,60,0
2020-05-07T21:15:00,10.4,0,73,1,60,0
2020-05-07T21:30:00,10.4,0,73,1,60,0
2020-05-07T21:45:00,10.4,0,73,1,60,0
2020-05-07T22:00:00,10,0,85,1,0,0
2020-05-07T22:15:00,10,0,85,1,0,0
2020-05-07T22:30:00,10,0,85,1,0,0
2020-05-07T22:45:00,10,0,85,1,0,0
2020-05-07T23:00:00,8,0,93,1,10,0
2020-05-07T23:15:00,8,0,93,1,10,0
2020-05-07T23:30:00,8,0,93,1,10,0
2020-05-07T23:45:00,8,0,93,1,10,0
2020-05-08T00:00:00,7.4,0,96,0,990,0
2020-05-08T00:15:00,7.4,0,96,0,990,0
2020-05-08T00:30:00,7.4,0,96,0,990,0
2020-05-08T00:45:00,7.4,0,96,0,990,0
2020-05-08T01:00:00,7.7,0,98,0,0,0
2020-05-08T01:15:00,7.7,0,98,0,0,0
2020-05-08T01:30:00,7.7,0,98,0,0,0
2020-05-08T01:45:00,7.7,0,98,0,0,0
2020-05-08T02:00:00,6.9,0,97,1,320,0
2020-05-08T02:15:00,6.9,0,97,1,320,0
2020-05-08T02:30:00,6.9,0,97,1,320,0
2020-05-08T02:45:00,6.9,0,97,1,320,0
2020-05-08T03:00:00,7.1,0,98,1,0,0
2020-05-08T03:15:00,7.1,0,98,1,0,0
2020-05-08T03:30:00,7.1,0,98,1,0,0
2020-05-08T03:45:00,7.1,0,98,1,0,0
2020-05-08T04:00:00,7.9,10,98,0,0,0
2020-05-08T04:15:00,7.9,10,98,0,0,0
2020-05-08T04:30:00,7.9,10,98,0,0,0
2020-05-08T04:45:00,7.9,10,98,0,0,0
2020-05-08T05:00:00,11.2,53,78,0,0,0
2020-05-08T05:15:00,11.2,53,78,0,0,0
2020-05-08T05:30:00,11.2,53,78,0,0,0
2020-05-08T05:45:00,11.2,53,78,0,0,0
2020-05-08T06:00:00,16.2,106,55,1,110,0
2020-05-08T06:15:00,16.2,106,55,1,110,0
2020-05-08T06:30:00,16.2,106,55,1,110,0
2020-05-08T06:45:00,16.2,106,55,1,110,0
2020-05-08T07:00:00,18.1,162,45,1,990,0
2020-05-08T07:15:00,18.1,162,45,1,990,0
2020-05-08T07:30:00,18.1,162,45,1,990,0
2020-05-08T07:45:00,18.1,162,45,1,990,0
2020-05-08T08:00:00,18.4,210,38,1,80,0
2020-05-08T08:15:00,18.4,210,38,1,80,0
2020-05-08T08:30:00,18.4,210,38,1,80,0
2020-05-08T08:45:00,18.4,210,38,1,80,0
2020-05-08T09:00:00,20,255,37,2,150,0
2020-05-08T09:15:00,20,255,37,2,150,0
2020-05-08T09:30:00,20,255,37,2,150,0
2020-05-08T09:45:00,20,255,37,2,150,0
2020-05-08T10:00:00,20.7,287,37,2,20,0
2020-05-08T10:15:00,20.7,287,37,2,20,0
2020-05-08T10:30:00,20.7,287,37,2,20,0
2020-05-08T10:45:00,20.7,287,37,2,20,0
2020-05-08T11:00:00,21.4,282,31,2,120,0
2020-05-08T11:15:00,21.4,282,31,2,120,0
2020-05-08T11:30:00,21.4,282,31,2,120,0
2020-05-08T11:45:00,21.4,282,31,2,120,0
2020-05-08T12:00:00,20.6,173,30,2,340,0
2020-05-08T12:15:00,20.6,173,30,2,340,0
2020-05-08T12:30:00,20.6,173,30,2,340,0
2020-05-08T12:45:00,20.6,173,30,2,340,0
2020-05-08T13:00:00,21,184,36,2,10,0
2020-05-08T13:15:00,21,184,36,2,10,0
2020-05-08T13:30:00,21,184,36,2,10,0
2020-05-08T13:45:00,21,184,36,2,10,0
2020-05-08T14:00:00,21.5,167,40,3,350,0
2020-05-08T14:15:00,21.5,167,40,3,350,0
2020-05-08T14:30:00,21.5,167,40,3,350,0
2020-05-08T14:45:00,21.5,167,40,3,350,0
2020-05-08T15:00:00,20.6,173,43,3,360,0
2020-05-08T15:15:00,20.6,173,43,3,360,0
2020-05-08T15:30:00,20.6,173,43,3,360,0
2020-05-08T15:45:00,20.6,173,43,3,360,0
2020-05-08T16:00:00,19.5,89,44,3,360,0
2020-05-08T16:15:00,19.5,89,44,3,360,0
2020-05-08T16:30:00,19.5,89,44,3,360,0
2020-05-08T16:45:00,19.5,89,44,3,360,0
2020-05-08T17:00:00,18.7,74,46,3,350,0
2020-05-08T17:15:00,18.7,74,46,3,350,0
2020-05-08T17:30:00,18.7,74,46,3,350,0
2020-05-08T17:45:00,18.7,74,46,3,350,0
2020-05-08T18:00:00,17.1,24,52,2,10,0
2020-05-08T18:15:00,17.1,24,52,2,10,0
2020-05-08T18:30:00,17.1,24,52,2,10,0
2020-05-08T18:45:00,17.1,24,52,2,10,0
2020-05-08T19:00:00,15,1,56,2,360,0
2020-05-08T19:15:00,15,1,56,2,360,0
2020-05-08T19:30:00,15,1,56,2,360,0
2020-05-08T19:45:00,15,1,56,2,360,0
2020-05-08T20:00:00,12.9,0,67,1,20,0
2020-05-08T20:15:00,12.9,0,67,1,20,0
2020-05-08T20:30:00,12.9,0,67,1,20,0
2020-05-08T20:45:00,12.9,0,67,1,20,0
2020-05-08T21:00:00,9.3,0,81,1,360,0
2020-05-08T21:15:00,9.3,0,81,1,360,0
2020-05-08T21:30:00,9.3,0,81,1,360,0
2020-05-08T21:45:00,9.3,0,81,1,360,0
2020-05-08T22:00:00,10.7,0,81,1,50,0
2020-05-08T22:15:00,10.7,0,81,1,50,0
2020-05-08T22:30:00,10.7,0,81,1,50,0
2020-05-08T22:45:00,10.7,0,81,1,50,0
2020-05-08T23:00:00,10.8,0,84,1,10,0
2020-05-08T23:15:00,10.8,0,84,1,10,0
2020-05-08T23:30:00,10.8,0,84,1,10,0
2020-05-08T23:45:00,10.8,0,84,1,10,0
2020-05-09T00:00:00,10.9,0,86,1,70,0
2020-05-09T00:15:00,10.9,0,86,1,70,0
2020-05-09T00:30:00,10.9,0,86,1,70,0
2020-05-09T00:45:00,10.9,0,86,1,70,0
2020-05-09T01:00:00,8.5,0,95,1,40,0
2020-05-09T01:15:00,8.5,0,95,1,40,0
2020-05-09T01:30:00,8.5,0,95,1,40,0
2020-05-09T01:45:00,8.5,0,95,1,40,0
2020-05-09T02:00:00,8.5,0,96,1,20,0
2020-05-09T02:15:00,8.5,0,96,1,20,0
2020-05-09T02:30:00,8.5,0,96,1,20,0
2020-05-09T02:45:00,8.5,0,96,1,20,0
2020-05-09T03:00:00,8.6,0,97,1,20,0
2020-05-09T03:15:00,8.6,0,97,1,20,0
2020-05-09T03:30:00,8.6,0,97,1,20,0
2020-05-09T03:45:00,8.6,0,97,1,20,0
2020-05-09T04:00:00,10.4,18,87,1,40,0
2020-05-09T04:15:00,10.4,18,87,1,40,0
2020-05-09T04:30:00,10.4,18,87,1,40,0
2020-05-09T04:45:00,10.4,18,87,1,40,0
2020-05-09T05:00:00,13.9,61,69,2,20,0
2020-05-09T05:15:00,13.9,61,69,2,20,0
2020-05-09T05:30:00,13.9,61,69,2,20,0
2020-05-09T05:45:00,13.9,61,69,2,20,0
2020-05-09T06:00:00,16.9,109,56,2,70,0
2020-05-09T06:15:00,16.9,109,56,2,70,0
2020-05-09T06:30:00,16.9,109,56,2,70,0
2020-05-09T06:45:00,16.9,109,56,2,70,0
2020-05-09T07:00:00,19.4,150,43,3,70,0
2020-05-09T07:15:00,19.4,150,43,3,70,0
2020-05-09T07:30:00,19.4,150,43,3,70,0
2020-05-09T07:45:00,19.4,150,43,3,70,0
2020-05-09T08:00:00,21,212,41,4,80,0
2020-05-09T08:15:00,21,212,41,4,80,0
2020-05-09T08:30:00,21,212,41,4,80,0
2020-05-09T08:45:00,21,212,41,4,80,0
2020-05-09T09:00:00,21.9,254,36,5,70,0
2020-05-09T09:15:00,21.9,254,36,5,70,0
2020-05-09T09:30:00,21.9,254,36,5,70,0
2020-05-09T09:45:00,21.9,254,36,5,70,0
2020-05-09T10:00:00,22.8,292,38,5,60,0
2020-05-09T10:15:00,22.8,292,38,5,60,0
2020-05-09T10:30:00,22.8,292,38,5,60,0
2020-05-09T10:45:00,22.8,292,38,5,60,0
2020-05-09T11:00:00,23.6,303,34,5,70,0
2020-05-09T11:15:00,23.6,303,34,5,70,0
2020-05-09T11:30:00,23.6,303,34,5,70,0
2020-05-09T11:45:00,23.6,303,34,5,70,0
2020-05-09T12:00:00,24.1,295,33,5,50,0
2020-05-09T12:15:00,24.1,295,33,5,50,0
2020-05-09T12:30:00,24.1,295,33,5,50,0
2020-05-09T12:45:00,24.1,295,33,5,50,0
2020-05-09T13:00:00,24.2,273,33,4,40,0
2020-05-09T13:15:00,24.2,273,33,4,40,0
2020-05-09T13:30:00,24.2,273,33,4,40,0
2020-05-09T13:45:00,24.2,273,33,4,40,0
2020-05-09T14:00:00,24,235,32,5,60,0
2020-05-09T14:15:00,24,235,32,5,60,0
2020-05-09T14:30:00,24,235,32,5,60,0
2020-05-09T14:45:00,24,235,32,5,60,0
2020-05-09T15:00:00,23.6,183,35,5,50,0
2020-05-09T15:15:00,23.6,183,35,5,50,0
2020-05-09T15:30:00,23.6,183,35,5,50,0
2020-05-09T15:45:00,23.6,183,35,5,50,0
2020-05-09T16:00:00,22.4,129,39,5,60,0
2020-05-09T16:15:00,22.4,129,39,5,60,0
2020-05-09T16:30:00,22.4,129,39,5,60,0
2020-05-09T16:45:00,22.4,129,39,5,60,0
2020-05-09T17:00:00,20.8,66,43,5,40,0
2020-05-09T17:15:00,20.8,66,43,5,40,0
2020-05-09T17:30:00,20.8,66,43,5,40,0
2020-05-09T17:45:00,20.8,66,43,5,40,0
2020-05-09T18:00:00,18.8,18,52,5,50,0
2020-05-09T18:15:00,18.8,18,52,5,50,0
2020-05-09T18:30:00,18.8,18,52,5,50,0
2020-05-09T18:45:00,18.8,18,52,5,50,0
2020-05-09T19:00:00,17.8,1,61,5,40,0
2020-05-09T19:15:00,17.8,1,61,5,40,0
2020-05-09T19:30:00,17.8,1,61,5,40,0
2020-05-09T19:45:00,17.8,1,61,5,40,0
2020-05-09T20:00:00,16.9,0,67,5,40,0
2020-05-09T20:15:00,16.9,0,67,5,40,0
2020-05-09T20:30:00,16.9,0,67,5,40,0
2020-05-09T20:45:00,16.9,0,67,5,40,0
2020-05-09T21:00:00,14.9,0,74,4,60,0
2020-05-09T21:15:00,14.9,0,74,4,60,0
2020-05-09T21:30:00,14.9,0,74,4,60,0
2020-05-09T21:45:00,14.9,0,74,4,60,0
2020-05-09T22:00:00,13,0,82,3,50,0
2020-05-09T22:15:00,13,0,82,3,50,0
2020-05-09T22:30:00,13,0,82,3,50,0
2020-05-09T22:45:00,13,0,82,3,50,0
2020-05-09T23:00:00,13.1,0,81,2,40,0
2020-05-09T23:15:00,13.1,0,81,2,40,0
2020-05-09T23:30:00,13.1,0,81,2,40,0
2020-05-09T23:45:00,13.1,0,81,2,40,0
2020-05-10T00:00:00,12.3,0,86,1,40,0
2020-05-10T00:15:00,12.3,0,86,1,40,0
2020-05-10T00:30:00,12.3,0,86,1,40,0
2020-05-10T00:45:00,12.3,0,86,1,40,0
2020-05-10T01:00:00,11.9,0,86,1,60,0
2020-05-10T01:15:00,11.9,0,86,1,60,0
2020-05-10T01:30:00,11.9,0,86,1,60,0
2020-05-10T01:45:00,11.9,0,86,1,60,0
2020-05-10T02:00:00,11.4,0,89,2,40,0
2020-05-10T02:15:00,11.4,0,89,2,40,0
2020-05-10T02:30:00,11.4,0,89,2,40,0
2020-05-10T02:45:00,11.4,0,89,2,40,0
2020-05-10T03:00:00,11.3,0,88,1,40,0
2020-05-10T03:15:00,11.3,0,88,1,40,0
2020-05-10T03:30:00,11.3,0,88,1,40,0
2020-05-10T03:45:00,11.3,0,88,1,40,0
2020-05-10T04:00:00,11.5,15,88,2,60,0
2020-05-10T04:15:00,11.5,15,88,2,60,0
2020-05-10T04:30:00,11.5,15,88,2,60,0
2020-05-10T04:45:00,11.5,15,88,2,60,0
2020-05-10T05:00:00,13.5,46,84,2,50,0
2020-05-10T05:15:00,13.5,46,84,2,50,0
2020-05-10T05:30:00,13.5,46,84,2,50,0
2020-05-10T05:45:00,13.5,46,84,2,50,0
2020-05-10T06:00:00,15.1,58,76,1,40,0
2020-05-10T06:15:00,15.1,58,76,1,40,0
2020-05-10T06:30:00,15.1,58,76,1,40,0
2020-05-10T06:45:00,15.1,58,76,1,40,0
2020-05-10T07:00:00,16.6,86,71,2,10,0
2020-05-10T07:15:00,16.6,86,71,2,10,0
2020-05-10T07:30:00,16.6,86,71,2,10,0
2020-05-10T07:45:00,16.6,86,71,2,10,0
2020-05-10T08:00:00,18.3,162,65,3,20,0
2020-05-10T08:15:00,18.3,162,65,3,20,0
2020-05-10T08:30:00,18.3,162,65,3,20,0
2020-05-10T08:45:00,18.3,162,65,3,20,0
2020-05-10T09:00:00,20.3,174,55,3,30,0
2020-05-10T09:15:00,20.3,174,55,3,30,0
2020-05-10T09:30:00,20.3,174,55,3,30,0
2020-05-10T09:45:00,20.3,174,55,3,30,0
2020-05-10T10:00:00,21.7,206,49,5,20,0
2020-05-10T10:15:00,21.7,206,49,5,20,0
2020-05-10T10:30:00,21.7,206,49,5,20,0
2020-05-10T10:45:00,21.7,206,49,5,20,0
2020-05-10T11:00:00,20.7,159,50,6,20,0
2020-05-10T11:15:00,20.7,159,50,6,20,0
2020-05-10T11:30:00,20.7,159,50,6,20,0
2020-05-10T11:45:00,20.7,159,50,6,20,0
2020-05-10T12:00:00,20,121,52,6,20,0
2020-05-10T12:15:00,20,121,52,6,20,0
2020-05-10T12:30:00,20,121,52,6,20,0
2020-05-10T12:45:00,20,121,52,6,20,0
2020-05-10T13:00:00,17.7,141,65,6,350,0
2020-05-10T13:15:00,17.7,141,65,6,350,0
2020-05-10T13:30:00,17.7,141,65,6,350,0
2020-05-10T13:45:00,17.7,141,65,6,350,0
2020-05-10T14:00:00,15.4,110,69,8,20,0
2020-05-10T14:15:00,15.4,110,69,8,20,0
2020-05-10T14:30:00,15.4,110,69,8,20,0
2020-05-10T14:45:00,15.4,110,69,8,20,0
2020-05-10T15:00:00,12.4,60,75,9,30,0
2020-05-10T15:15:00,12.4,60,75,9,30,0
2020-05-10T15:30:00,12.4,60,75,9,30,0
2020-05-10T15:45:00,12.4,60,75,9,30,0
2020-05-10T16:00:00,11,25,75,10,30,0
2020-05-10T16:15:00,11,25,75,10,30,0
2020-05-10T16:30:00,11,25,75,10,30,0
2020-05-10T16:45:00,11,25,75,10,30,0
2020-05-10T17:00:00,10,13,70,10,30,0
2020-05-10T17:15:00,10,13,70,10,30,0
2020-05-10T17:30:00,10,13,70,10,30,0
2020-05-10T17:45:00,10,13,70,10,30,0
2020-05-10T18:00:00,9.4,6,68,9,30,0
2020-05-10T18:15:00,9.4,6,68,9,30,0
2020-05-10T18:30:00,9.4,6,68,9,30,0
2020-05-10T18:45:00,9.4,6,68,9,30,0
2020-05-10T19:00:00,8.4,0,65,9,20,0
2020-05-10T19:15:00,8.4,0,65,9,20,0
2020-05-10T19:30:00,8.4,0,65,9,20,0
2020-05-10T19:45:00,8.4,0,65,9,20,0
2020-05-10T20:00:00,8.2,0,61,9,20,0
2020-05-10T20:15:00,8.2,0,61,9,20,0
2020-05-10T20:30:00,8.2,0,61,9,20,0
2020-05-10T20:45:00,8.2,0,61,9,20,0
2020-05-10T21:00:00,8,0,61,8,20,0
2020-05-10T21:15:00,8,0,61,8,20,0
2020-05-10T21:30:00,8,0,61,8,20,0
2020-05-10T21:45:00,8,0,61,8,20,0
2020-05-10T22:00:00,8,0,63,8,30,0
2020-05-10T22:15:00,8,0,63,8,30,0
2020-05-10T22:30:00,8,0,63,8,30,0
2020-05-10T22:45:00,8,0,63,8,30,0
2020-05-10T23:00:00,8,0,60,7,20,0
2020-05-10T23:15:00,8,0,60,7,20,0
2020-05-10T23:30:00,8,0,60,7,20,0
2020-05-10T23:45:00,8,0,60,7,20,0